0,227/702,161/351,1/2,995/1404,61/78
0,191/576,259/720,1/2,1459/2160,397/540
0,53/160,571/1560,1/2,1057/1560,571/780
0,251/768,457/1088,1/2,2269/3264,201/272
0,129433/393120,7535/19656,1/2,67211/98280,9781/12285
0,1543/4704,67/168,1/2,1621/2352,67/84
0,223583/690144,77281/172536,1/2,121657/172536,69161/86268
0,53/160,307/840,1/2,569/840,3/4
0,127/384,3/8,1/2,49/72,3/4
0,73/224,97/224,1/2,235/336,3/4
0,283/864,835/1944,1/2,1345/1944,355/486
0,47/144,13/30,1/2,7/10,14/15
0,13/40,11/24,1/2,17/24,11/12
0,31/96,10/21,1/2,5/7,5/6
0,2461/7560,325/756,1/2,661/945,1739/1890
0,11021/34104,7849/17052,1/2,3026/4263,7849/8526
0,901/2800,7957/16800,1/2,3999/5600,15151/16800
0,158/483,1301/3220,1/2,334/483,817/966
0,1093/3360,1427/3360,1/2,587/840,1427/1680
0,11755/36456,8399/18228,1/2,6473/9114,15587/18228
0,239/728,320/819,1/2,125/182,5323/6552
0,158/483,1301/3220,1/2,334/483,1301/1610
0,12829/39732,6093/13244,1/2,14095/19866,10569/13244
0,37/126,209/504,1/2,209/252,293/336
0,37/126,209/504,1/2,209/252,461/504
0,37/126,209/504,1/2,209/252,965/1008
0,7/22,449/1056,1/2,449/528,977/1056
0,235/736,157/368,1/2,18/23,1233/1472
0,215/672,143/336,1/2,263/336,599/672
0,235/736,157/368,1/2,18/23,1391/1472
0,35/104,113/260,1/2,209/260,469/520
0,1381/4224,289/704,1/2,413/528,113/132
0,53/160,509/1200,1/2,119/150,509/600
0,1229/3968,883/1984,1/2,97/124,1665/1984
0,44/133,55/133,1/2,419/532,243/266
0,149/440,19/44,1/2,177/220,19/22
0,67/208,139/312,1/2,31/39,263/312
0,229/720,1061/2520,1/2,109/140,589/630
0,487/1520,353/760,1/2,61/76,353/380
0,679/2208,521/1104,1/2,73/92,1015/1104
0,53/160,509/1200,1/2,119/150,269/300
0,369/1088,247/544,1/2,111/136,247/272
0,179/560,391/840,1/2,337/420,757/840
0,45/154,103/308,1/2,3/4,501/616
0,41/140,47/140,1/2,3/4,7/8
0,45/154,103/308,1/2,3/4,577/616
0,7/24,1/3,1/2,3/4,7/8
0,5/16,3/8,1/2,3/4,13/16
0,5/16,3/8,1/2,3/4,7/8
0,5/16,3/8,1/2,3/4,15/16
0,103/308,141/308,1/2,3/4,501/616
0,47/140,16/35,1/2,3/4,7/8
0,103/308,141/308,1/2,3/4,577/616
0,1/3,11/24,1/2,3/4,7/8
0,43/120,49/120,1/2,3/4,203/240
0,113/320,67/160,1/2,3/4,67/80
0,721/2176,63/136,1/2,3/4,14/17
0,97/280,61/140,1/2,3/4,131/140
0,27/80,73/160,1/2,3/4,73/80
0,21/64,91/192,1/2,3/4,163/192
0,193/560,367/840,1/2,3/4,157/168
0,291/880,41/88,1/2,3/4,41/44
0,109/336,401/840,1/2,3/4,32/35
0,113/320,67/160,1/2,3/4,7/8
0,11/32,7/16,1/2,3/4,7/8
0,79/240,7/15,1/2,3/4,7/8
0,509/1800,1229/3600,1/2,1229/1800,1291/1800
0,169/609,845/2436,1/2,845/1218,3887/4872
0,107/384,133/384,1/2,133/192,3/4
0,151/546,379/1092,1/2,379/546,925/1092
0,151/546,379/1092,1/2,379/546,2017/2184
0,43/156,433/1248,1/2,433/624,1057/1248
0,151/546,379/1092,1/2,379/546,561/728
0,14404/94815,85769/379260,320111/758520,98047/189630,415057/758520
0,372349/2663640,621071/2663640,1132657/2663640,175447/332955,8777/14798
0,26569/175770,80089/351540,296911/703080,92633/175770,202339/351540
0,14647/96390,10993/48195,81449/192780,25472/48195,510911/771120
0,71387/470610,214757/941220,795443/1882440,248749/470610,1155977/1882440
0,2251/15120,6953/30240,8549/20160,7919/15120,4595/8064
0,38849/264600,7439/33075,54427/132300,17606/33075,129817/176400
0,67681/447930,204301/895860,756319/1791720,236837/447930,2548039/3583440
0,110569/728280,166097/728280,307669/728280,48106/91035,180785/291312
0,15451/101745,46411/203490,171979/406980,53747/101745,77746/101745
0,111338/733635,334493/1467270,1239197/2934540,387511/733635,2584951/2934540
0,1369/9072,1033/4536,19121/45360,2395/4536,6931/9072
0,111338/733635,334493/1467270,1239197/2934540,387511/733635,633211/978180
0,5693/35280,1133/5880,6443/17640,2273/4410,1642/2205
0,1307/8160,2423/12240,1517/4080,793/1530,1517/2040
0,1977803/13466880,1506227/6733440,692971/1683360,892277/1683360,472571/641280
0,94399/642600,36143/160650,132257/321300,42751/80325,292907/321300
0,16291/107730,49141/215460,182059/430920,56897/107730,182059/215460
0,15451/101745,46411/203490,171979/406980,53747/101745,279473/406980
0,12709/85680,9421/42840,871/2142,11309/21420,9587/10710
0,632101/4183200,470569/2091600,880073/2091600,68566/130725,880073/1045800
0,258863/1738800,200861/869400,376237/869400,114119/217350,29479/36225
0,4387/27360,2701/13680,5077/13680,443/855,649/855
0,571/3600,41/200,137/360,47/90,137/180
0,37963/252000,28387/126000,53021/126000,4132/7875,12007/15750
0,2378197/15608880,1743703/7804440,813689/1951110,512189/975555,141849/216790
0,301/1980,221/990,139/330,1/2,1601/2970
0,3673/26460,6001/26460,11177/26460,1/2,7813/13230
0,163/1080,241/1080,101/240,1/2,1243/2160
0,151/990,221/990,833/1980,1/2,5233/7920
0,317/2070,1841/8280,6959/16560,1/2,10121/16560
0,1033/6765,3017/13530,11393/27060,1/2,2737/4920
0,361/2520,409/1890,379/945,1/2,1219/1680
0,149/990,887/3960,3323/7920,1/2,11243/15840
0,401/2640,59/264,101/240,1/2,20/33
0,301/1980,221/990,139/330,1/2,3/4
0,551/3630,3233/14520,3053/7260,1/2,845/968
0,703/4680,259/1170,3919/9360,1/2,3/4
0,551/3630,3233/14520,3053/7260,1/2,607/968
0,1289/8352,799/4176,1499/4176,1/2,767/1044
0,167/1104,109/552,1009/2760,1/2,1009/1380
0,4489/31200,3359/15600,6283/15600,1/2,22729/31200
0,31/216,13/60,217/540,1/2,487/540
0,163/1080,241/1080,101/240,1/2,101/120
0,301/1980,221/990,139/330,1/2,443/660
0,2711/18480,13597/64680,6401/16170,1/2,4727/5390
0,2623/17360,1903/8680,3631/8680,1/2,3631/4340
0,5737/37600,4207/18800,8159/18800,1/2,3801/4700
0,473/3120,307/1560,569/1560,1/2,3/4
0,47/320,33/160,3/8,1/2,3/4
0,757/5040,23/105,527/1260,1/2,3/4
0,3019/19760,6427/29640,3061/7410,1/2,25/39
0,551/3960,809/3960,3053/7920,151/330,4243/7920
0,256/1995,1513/7980,5707/15960,113/266,1/2
0,349/3120,1031/6240,3889/12480,77/208,17/39
0,187/1500,611/3000,569/1500,449/1000,218/375
0,143/1110,2959/15540,11161/31080,221/518,1253/2220
0,926/7215,2719/14430,10261/28860,203/481,1097/2220
0,2311/16560,1691/8280,3187/8280,505/1104,14287/22080
0,73/560,53/280,601/1680,143/336,333/560
0,427/3315,1247/6630,277/780,466/1105,13487/26520
0,6637/51600,1253/6450,9289/25800,193/430,72499/103200
0,619/4830,263/1380,6899/19320,137/322,26219/38640
0,2074/16185,6101/32370,22979/64740,35/83,142559/258960
0,926/7215,2719/14430,10261/28860,203/481,342/481
0,2273/17745,6667/35490,25183/70980,499/1183,577/676
0,121/945,713/3780,899/2520,23/54,77/108
0,2273/17745,6667/35490,25183/70980,499/1183,2689/4732
0,379733/4324320,34631/270270,173207/720720,842389/2882880,141359/270270
0,224261/2337720,8182/58443,306917/1168860,298531/935088,306917/584430
0,119681/961576,392897/2163546,123296/360591,35450599/86541840,3836669/7211820
0,401/5208,74/651,185/868,385/1488,1/2
0,13/144,2/15,1/4,437/1440,1/2
0,29/240,39/220,881/2640,211/528,1/2
0,271/4032,25/252,125/672,607/2688,55/126
0,113/1464,146/1281,365/1708,5317/20496,365/854
0,5153/46560,11339/69840,42691/139680,20449/55872,533/1164
0,36737/438900,6001/43890,110717/438900,44579/146300,243841/438900
0,20023/214830,49069/322245,12071/42966,1411/4158,12071/21483
0,582229/5000380,2845859/15001140,5279551/15001140,210005/500038,720779/1250095
0,4372/51205,19192/153615,36004/153615,14584/51205,55577/102410
0,347/3465,508/3465,953/3465,386/1155,1906/3465
0,136391/1075690,1196857/6454140,4506343/12908280,450139/1075690,1212081/2151380
0,39937/535920,7303/66990,109603/535920,22199/89320,15866/33495
0,113/1320,1013/8085,15203/64680,3079/10780,15203/32340
0,20507/161007,19969/107338,75263/214676,112341/268345,274059/536690
0,1433/13860,6313/41580,7883/27720,57499/166320,50833/83160
0,37973/336105,55771/336105,6331/20370,507953/1344420,6331/10185
0,299659/2280600,223519/1140300,186299/506800,1987739/4561200,3892297/6081600
0,587/6615,869/6615,542/2205,439/1470,3742/6615
0,379/3640,421/2730,3151/10920,319/910,3151/5460
0,1042/8085,6091/32340,22921/64680,2291/5390,38431/64680
0,477/6160,353/3080,1321/6160,321/1232,3041/6160
0,2311/25970,1711/12985,6403/25970,7779/25970,6403/12985
0,827/6426,6043/32130,4553/12852,13597/32130,68093/128520
0,11353/95040,1619/9504,1687/5280,887/2160,2729/3960
0,2003/15840,2983/15840,1853/5280,2807/6336,1853/2640
0,9893/75600,84463/415800,13183/34650,3853/8316,197041/277200
0,607/5922,64/423,40/141,4079/11844,181/282
0,13/108,8/45,1/3,437/1080,2/3
0,9947/74700,30533/149400,37999/99600,13367/29880,137599/199200
0,103/1152,19/144,95/384,173/576,215/384
0,149/1449,220/1449,275/966,2003/5796,275/483
0,757/5760,1139/5760,89/240,503/1152,2243/3840
0,4789/40920,1807/10230,6703/20460,139/341,16933/20460
0,143/1110,2959/15540,11161/31080,221/518,11161/15540
0,1829/13140,5371/26280,20269/52560,401/876,32299/52560
0,66667/549120,48319/274560,23021/68640,353/858,14123/17160
0,110933/800800,244799/1201200,67609/171600,983/2145,67609/85800
0,201163/1407120,3807/18040,289741/703560,16487/35178,45663/58630
0,47225/394416,10865/65736,20729/65736,9770/24651,34421/49302
0,3679/28336,2689/14168,15287/42504,4661/10626,15287/21252
0,122843/888800,271729/1333200,525473/1333200,15287/33330,48617/66660
0,3287/29040,6539/43560,12539/43560,805/2178,6869/10890
0,10801/90288,277/1672,1585/5016,4475/11286,1585/2508
0,4591/33660,1549/7920,3161/8415,3007/6732,343/561
0,3605771/49507920,10541099/99015840,7959745/39606336,11800427/49507920,1605809/3094245
0,10676327/134215620,10404861/89477080,23570405/107372496,34943959/134215620,34943959/67107810
0,16267/140140,8123333/47927880,10223401/31951920,9094093/23963940,4231181/7987980
0,143/2220,2959/31080,11161/62160,221/1036,1/2
0,163/2160,241/2160,101/480,1/4,1/2
0,61/540,179/1080,2477/7920,49/132,1/2
0,9/160,133/1600,301/1920,149/800,131/300
0,1979/30660,5851/61320,22069/122640,437/2044,437/1022
0,2707/26160,7943/52320,29977/104640,593/1744,599/1308
0,416533/6056820,1702361/15142050,6338567/30284100,7491391/30284100,16523321/30284100
0,10250543/133908390,8379803/66954195,31201193/133908390,36876517/133908390,36876517/66954195
0,1199111/11112948,33225539/188920116,18198487/55564740,182899289/472300290,134822183/236150145
0,248428/3533145,121412/1177715,687508/3533145,815552/3533145,3781573/7066290
0,363431/4410945,533062/4410945,1006141/4410945,1193594/4410945,2387188/4410945
0,2632073/22369270,23121991/134215620,29094691/89477080,25887887/67107810,25001343/44738540
0,21557/351120,395/4389,8521/50160,35377/175560,293/627
0,736073/10445820,269854/2611455,2037403/10445820,1208461/5222910,1208461/2611455
0,36283/298452,8839/49742,7361/21945,296873/746130,1010403/1989680
0,29635297/354594240,21761041/177297120,20544991/88648560,97134881/354594240,104642381/177297120
0,7961587/87207120,5846851/43603560,5520061/21801780,26098931/87207120,26098931/43603560
0,389903291/3193510320,56977099/319351032,26884007/79837758,1274118331/3193510320,2010750713/3193510320
0,32/441,521/4851,982/4851,2329/9702,2686/4851
0,22633/266112,4189/33264,63163/266112,37453/133056,37453/66528
0,412/3465,5297/30492,99991/304920,29663/76230,35789/60984
0,47063/742896,34823/371448,131273/742896,155665/742896,359147/742896
0,9173/126126,33949/315315,25595/126126,151763/630630,151763/315315
0,100957/824670,8677/48510,79553/235620,66061/164934,1733059/3298680
0,148451/1778400,112051/889200,10399/44460,172069/592800,187201/296400
0,48547/522288,183247/1305720,85031/326430,281401/870480,281401/435240
0,1113433/9388080,49243/276120,776591/2347020,1287389/3129360,2146649/3129360
0,5033/61360,11147/92040,73709/322140,348269/1288560,395849/644280
0,34213/355680,8423/59280,23869/88920,112789/355680,112789/177840
0,430139/3466320,105411/577720,198657/577720,1412651/3466320,776377/1155440
0,1787/24960,1319/12480,623/3120,5887/24960,2231/4160
0,17361/211120,38459/316680,36329/158340,171659/633360,171659/316680
0,153473/1219920,22489/121992,5303/15249,167611/406640,706393/1219920
0,32/285,1513/9120,5707/18240,113/304,265/304
0,143/1110,2959/15540,11161/31080,221/518,221/259
0,1829/13140,5371/26280,20269/52560,401/876,401/584
0,773/7254,2269/14508,8563/29016,847/2418,659/806
0,25/198,367/1980,277/792,137/330,137/165
0,13829/102240,20243/102240,38221/102240,1513/3408,10961/13632
0,1513/17640,559/4410,4217/17640,167/588,755/1176
0,163/1620,241/1620,101/360,1/3,2/3
0,1327/10494,3893/20988,14705/41976,1457/3498,4955/6996
0,64/855,1513/13680,5707/27360,113/456,511/912
0,298/3465,881/6930,3323/13860,47/165,94/165
0,13921/109395,20377/109395,38474/109395,3046/7293,1033/1716
0,29003/214200,5347/21420,7465/17136,127639/214200,43621/71400
0,1307/9450,11747/47250,8227/18900,229/378,84571/126000
0,31909/231840,28801/115920,201863/463680,140201/231840,144721/231840
0,205241/1483650,184514/741825,1291597/2967300,899329/1483650,85939/113040
0,12547/90720,11273/45360,78929/181440,54983/90720,260369/362880
0,87611/633150,157393/633150,551167/1266300,191882/316575,3356303/5065200
0,69229/500850,62236/250425,436073/1001700,303551/500850,804401/1001700
0,56159/406350,50531/203175,353803/812700,246301/406350,1463461/1625400
0,26387/191520,2509/10080,166729/383040,116083/191520,307603/383040
0,56159/406350,50531/203175,353803/812700,246301/406350,382381/541800
0,11929/87780,223/924,11511/29260,8997/14630,93353/117040
0,1093/7920,95/396,1049/2640,971/1584,1049/1320
0,503857/3652110,918317/3652110,630331/1460844,221945/365211,88421/115940
0,103171/753480,90949/376740,39992/94185,451709/753480,174169/188370
0,73639/534240,66331/267120,465053/1068480,323711/534240,465053/534240
0,69229/500850,62236/250425,436073/1001700,303551/500850,184906/250425
0,7787771/56964600,7000523/28482300,2400557/5696460,6864491/11392920,103806397/113929200
0,1420057/10228680,259895/1022868,555323/1278585,6210821/10228680,1110646/1278585
0,3159287/22882860,595267/2288286,5101177/11441430,13870471/22882860,8611923/10170160
0,18559/134640,95/396,5937/14960,9173/14960,24133/29920
0,6043/42900,157/660,5757/14300,2182/3575,5757/7150
0,3359309/24199560,615313/2419956,2631767/6049890,14689837/24199560,38889397/48399120
0,1283203/9306990,1170244/4653495,1606387/3722796,1131211/1861398,17745817/24818640
0,240217/1957725,439547/1957725,769259/1957725,1098971/1957725,383512/652575
0,64453/495495,109943/495495,195116/495495,279974/495495,58897/90090
0,1339/10395,2309/10395,584/1485,5867/10395,6352/10395
0,24809/190575,211361/952875,375257/952875,107692/190575,201341/272250
0,2693/20790,2294/10395,8191/20790,23483/41580,28981/41580
0,531467/4078305,904237/4078305,1606294/4078305,2304886/4078305,573257/906290
0,203711/1562715,347131/1562715,615172/1562715,883213/1562715,1222964/1562715
0,24809/190575,84683/381150,300067/762300,107692/190575,678031/762300
0,79181/613305,136186/613305,482429/1226610,346243/613305,479774/613305
0,24809/190575,84683/381150,300067/762300,107692/190575,171679/254100
0,331879/2823480,235985/1129392,12599/34224,3155359/5646960,4281019/5646960
0,10360249/83645595,17755844/83645595,10479481/27881865,47002922/83645595,20958962/27881865
0,5628814/43646295,38936501/174585180,626053553/1571266620,49275109/87292590,11067077/14964444
0,203711/1562715,347131/1562715,615172/1562715,883213/1562715,2793059/3125430
0,55259/426195,94579/426195,167653/426195,240727/426195,335306/426195
0,203711/1562715,347131/1562715,615172/1562715,883213/1562715,704519/1041810
0,28618361/224819595,50083906/224819595,88304422/224819595,126718978/224819595,132628333/149879730
0,449851/3368925,779918/3368925,275288/673785,1909388/3368925,550576/673785
0,1662713/12577320,5989901/25154640,5239391/12577320,14240033/25154640,6773143/8384880
0,130646/1058805,298717/1411740,159043/423522,1189451/2117610,3307061/4235220
0,28703/210335,45998/210335,164927/420670,119519/210335,164927/210335
0,3697762/27625185,25674143/110500740,45192151/110500740,31322947/55250370,86573317/110500740
0,53252279/417522105,93208534/417522105,164117683/417522105,235387192/417522105,568377443/835044210
0,360791/2475900,609253/2475900,1089821/2475900,532163/825300,6763739/9903600
0,15451/101745,50611/203490,180379/406980,7411/11305,252227/325584
0,2917/19278,9589/38556,34129/77112,10522/16065,111241/154224
0,15451/101745,50611/203490,180379/406980,7411/11305,9358/11305
0,116267/765765,380837/1531530,79879/180180,167351/255255,466033/510510
0,36847/243810,121117/487620,432343/975240,26633/40635,33634/40635
0,116267/765765,380837/1531530,79879/180180,167351/255255,126393/170170
0,12587/91630,2631/10780,18226/45815,29014/45815,591317/733040
0,33587/240240,1123/4620,96757/240240,152563/240240,96757/120120
0,696967/4615380,1154849/4615380,4073309/9230760,503429/769230,14283547/18461520
0,20513/141120,34159/141120,60713/141120,15287/23520,131273/141120
0,16291/107730,53551/215460,190879/430920,11764/17955,190879/215460
0,15451/101745,50611/203490,180379/406980,7411/11305,313777/406980
0,20059/138600,8473/34650,4241/9900,29977/46200,769589/831600
0,2701921/17713080,1115687/4428270,988667/2214135,3875143/5904360,1977334/2214135
0,28103/180180,195662/765765,100649/218790,677233/1021020,630659/720720
0,7739/55440,1123/4620,2477/6160,7039/11088,18127/22176
0,551/3850,1861/7700,788/1925,1227/1925,1576/1925
0,875563/5738040,31379/124740,1283969/2869020,1256239/1912680,3168919/3825360
0,2956951/19584180,4900043/19584180,17287637/39168360,2136359/3264030,12944971/17408160
0,1163/8260,897/4130,3233/8260,5027/8260,21587/33040
0,1319/9380,1021/4690,3669/9380,5711/9380,703/938
0,203/1440,157/720,563/1440,877/1440,2003/2880
0,451/3220,349/1610,1261/3220,1959/3220,5179/6440
0,529/3780,137/630,493/1260,767/1260,4537/5040
0,687/4960,543/2480,1937/4960,3023/4960,7983/9920
0,529/3780,137/630,493/1260,767/1260,3571/5040
0,529/3900,147/650,503/1300,797/1300,12347/15600
0,511/3680,399/1840,1441/3680,2239/3680,1441/1840
0,1163/8260,897/4130,3233/8260,5027/8260,4877/6608
0,451/3220,349/1610,1261/3220,1959/3220,2871/3220
0,451/3220,349/1610,1261/3220,1959/3220,4481/6440
0,1403/9945,29909/139230,428/1105,1533/2210,6819/8840
0,4619/32760,541/2520,1409/3640,5049/7280,12329/14560
0,1403/9945,29909/139230,428/1105,1533/2210,8153/8840
0,21934/156555,134417/626220,13463/34790,48253/69580,117833/139160
0,557/4320,48959/241920,1249/3360,4609/6720,42677/53760
0,11/80,4229/20160,1937/5040,6977/10080,1937/2520
0,235747/1527120,24301/109080,17393/42420,59813/84840,17313/22624
0,11429/86940,36791/173880,911/2415,1663/2415,4237/4830
0,2467/17640,3779/17640,757/1960,2717/3920,757/980
0,42811/289800,32521/144900,3259/8050,11309/16100,4869/6440
0,340573/2451960,74303/350280,52499/136220,188719/272440,249491/272440
0,29/156,87/364,1213/2730,3943/5460,1213/1365
0,28/141,953/3948,899/1974,2873/3948,13999/15792
0,17903/131040,491/2340,1397/3640,5037/7280,12317/14560
0,47/280,33/140,3/7,5/7,6/7
0,161/860,1441/6020,1341/3010,4351/6020,10371/12040
0,223/1800,2573/12600,4741/12600,10757/12600,3743/4200
0,389/3150,107/525,592/1575,64/75,139/150
0,223/1800,2573/12600,4741/12600,10757/12600,1516/1575
0,22907/200340,9469/50085,34861/100170,43366/50085,93451/100170
0,4757749/39695040,813689/3969504,14416397/39695040,646747/1240470,85913897/158780160
0,213979/1843380,97799/460845,684701/1843380,489103/921690,286129/491568
0,707737/5793480,605239/2896740,306419/827640,769847/1448370,6501217/11586960
0,1321951/10769220,1127977/5384610,3996899/10769220,204923/384615,27791293/43076880
0,1605889/13111560,1373503/6555780,4867661/13111560,1747079/3277890,7929283/13111560
0,6947701/58489200,245605/1169784,21620453/58489200,1935041/3655575,7375559/12997600
0,1035767/8440740,883769/4220370,3131563/8440740,1123897/2110185,3501233/4823280
0,485179/3963960,82991/396396,1470587/3963960,263908/495495,5434547/7927920
0,1107313/9022860,944821/4511430,478271/1288980,1201538/2255715,7336267/12030480
0,1035767/8440740,883769/4220370,3131563/8440740,1123897/2110185,1617041/2110185
0,3892657/31725540,1660697/7931385,11769083/31725540,8447689/15862770,27981617/31725540
0,4885913/39944520,4178591/19972260,14808757/39944520,5315083/9986130,15301213/19972260
0,3892657/31725540,1660697/7931385,11769083/31725540,8447689/15862770,6879767/10575180
0,701/6300,62/315,169/525,229/450,457/700
0,1349/11880,53/270,647/1980,1517/2970,647/990
0,9224989/74802420,1575467/7480242,27891253/74802420,9963916/18700605,193290341/299209680
0,1049027083/9012548160,447577633/2253137040,158154965/450627408,886063141/1689852780,32158627/43892280
0,5440663/45175680,43698203/214584480,78122911/214584480,42520789/80469180,78122911/107292240
0,55464127/452783520,88916423/415051560,1208153/3144330,166702849/311288670,258360271/355758480
0,1591/14040,53/270,763/2340,896/1755,3103/4680
0,7/60,44/225,1/3,77/150,2/3
0,200957/1626240,114747/542080,57103/152460,649673/1219680,209563/304920
0,186323/1524600,53381/254100,563099/1524600,404881/762300,148831/243936
0,1035767/8440740,883769/4220370,3131563/8440740,1123897/2110185,7351933/8440740
0,1081967/8842680,925349/4421340,3279403/8842680,1177027/2210670,3279403/4421340
0,1035767/8440740,883769/4220370,3131563/8440740,1123897/2110185,1793119/2813580
0,24115274987/199620036000,10429465987/49905009000,4651816843/12476252250,3318095654/6238126125,604172853/693125125
0,418321039/3377908800,185795153/844477200,334960861/844477200,56711959/105559650,334960861/422238600
0,11449141/93431520,5233391/23357880,1178264/2919735,6288823/11678940,6135037/7785960
0,307608031/2575013760,6823763/33881760,25810909/71528160,42520789/80469180,122989969/160938360
0,100847/798560,6063/28520,15321/39928,5339/9982,15321/19964
0,703390223/5677761600,312638041/1419440400,563350637/1419440400,47659789/88715025,68187407/88715025
0,2666776027/22847600160,1126132817/5711900040,2629897/7466536,375508489/713987505,95286997/129815910
0,2638774783/22090907520,1113402761/5522726880,221683057/613636320,364857913/690340860,221683057/306818160
0,69967827851/579095748000,30276455131/144773937000,13503256519/36193484250,9626455697/18096742125,2353263016/3619348425
0,13131/75040,10037/37520,1839/3752,10037/18760,168747/300160
0,4231/25900,43079/155400,2509/5180,43079/77700,75881/124320
0,631/3696,211/770,562/1155,211/385,4327/7392
0,34651/201740,1261/4585,4902/10087,2522/4585,9949/14410
0,771/4480,617/2240,435/896,617/1120,2857/4480
0,28307/164780,11322/41195,4002/8239,22644/41195,9791/16478
0,181/1080,59/210,152/315,59/105,719/945
0,6409/37520,3881/14070,685/1407,3881/7035,1046/1407
0,2903/16940,2329/8470,2059/4235,2329/4235,549/847
0,11343/66220,4548/16555,1609/3311,9096/16555,25651/33110
0,8171/47740,9838/35805,1159/2387,19676/35805,63493/71610
0,1429/8400,289/1050,509/1050,289/525,407/525
0,8171/47740,9838/35805,1159/2387,19676/35805,15823/23870
0,1629/9800,339/1225,584/1225,678/1225,2393/2450
0,12323/72240,414/1505,439/903,828/1505,878/903
0,11343/66220,4548/16555,1609/3311,9096/16555,1799/2365
0,8171/47740,9838/35805,1159/2387,19676/35805,20831/23870
0,25811/149380,21457/74690,7365/14938,238829/448140,1004491/1792560
0,24649/149940,29419/99960,4889/9996,1214/2205,147463/239904
0,90157/530880,19321/66360,2169/4424,145013/265440,621037/1061760
0,185699/1089900,79399/272475,8899/18165,298381/544950,27073/38925
0,47003/275520,5017/17220,281/574,75547/137760,22237/34440
0,153509/900900,65614/225225,7354/15015,246601/450450,107551/180180
0,86101/514080,37951/128520,4175/8568,1333/2380,130549/171360
0,14839/87360,3187/10920,51/104,23951/43680,155/208
0,40739/239400,69781/239400,2607/5320,131057/239400,38749/59850
0,65383/384300,27998/96075,1046/2135,105167/192150,297317/384300
0,7501/44100,1072/3675,24/49,1341/2450,78109/88200
0,49009/288960,10567/36120,1179/2408,79181/144480,223661/288960
0,7501/44100,1072/3675,24/49,1341/2450,58367/88200
0,3173/18200,1243/4550,32/65,1199/2275,3177/5600
0,25659/150080,10509/37520,1839/3752,10037/18760,10509/18760
0,50749/298760,22109/74690,7365/14938,238829/448140,62617/112035
0,24751/149940,86383/299880,4889/9996,18131/33320,105389/171360
0,5083/30660,18589/61320,501/1022,134111/245280,18589/30660
0,16909/101850,31571/101850,3343/6790,111137/203700,40823/67900
0,30263/176960,12363/44240,2169/4424,11819/22120,207223/353920
0,191/1155,673/2310,562/1155,211/385,673/1155
0,11003/66360,20137/66360,2169/4424,145013/265440,77363/132720
0,23339/136500,9706/34125,5552/11375,14971/27300,41359/68250
0,69583/409920,1868/6405,837/1708,112307/204960,3736/6405
0,112277/663600,12478/41475,1361/2765,90689/165900,190513/331800
0,40739/239400,69781/239400,2607/5320,131057/239400,39799/59850
0,65383/384300,27998/96075,1046/2135,105167/192150,152071/192150
0,7501/44100,1072/3675,24/49,1341/2450,59917/88200
0,21401/128520,4673/16065,689/1428,35389/64260,1403/1428
0,69583/409920,1868/6405,837/1708,112307/204960,837/854
0,65383/384300,27998/96075,1046/2135,105167/192150,41921/54900
0,7501/44100,1072/3675,24/49,1341/2450,8581/9800
0,579/5060,746/3795,5287/15180,1/2,32147/60720
0,719/6600,659/3300,2309/6600,1/2,15217/26400
0,629/5520,1627/8280,5767/16560,1/2,6149/11040
0,183/1595,3767/19140,6661/19140,1/2,16241/25520
0,359/3120,917/4680,3257/9360,1/2,5597/9360
0,1237/10780,1588/8085,11261/32340,1/2,35531/64680
0,857/7480,4417/22440,7811/22440,1/2,31963/44880
0,73/640,1139/5760,1001/2880,1/2,3881/5760
0,277/2420,13/66,2527/7260,1/2,1553/2640
0,579/5060,746/3795,5287/15180,1/2,3/4
0,1487/12980,1913/9735,13561/38940,1/2,2265/2596
0,247/2160,53/270,47/135,1/2,3/4
0,1487/12980,1913/9735,13561/38940,1/2,1629/2596
0,1321/11880,1141/5940,211/660,1/2,515/792
0,2359/20700,1969/10350,187/575,1/2,374/575
0,4361/37620,1873/9405,4409/12540,1/2,32009/50160
0,23659/205920,9857/51480,5821/17160,1/2,6137/8580
0,5389/46368,2279/11592,457/1288,1/2,457/644
0,37709/331200,16837/82800,211/575,1/2,13073/18400
0,179/1575,2399/12600,227/700,1/2,927/1400
0,17/144,3/16,1/3,1/2,2/3
0,7801/66960,6781/33480,2641/7440,1/2,10081/14880
0,14563/127440,12703/63720,14741/42480,1/2,33461/56640
0,579/5060,746/3795,5287/15180,1/2,12877/15180
0,629/5520,1627/8280,5767/16560,1/2,5767/8280
0,579/5060,746/3795,5287/15180,1/2,4541/7590
0,9221/81120,3953/20280,3577/10140,1/2,2893/3380
0,2903/26400,1349/6600,2513/6600,1/2,2513/3300
0,1487/13760,701/3440,3971/10320,1/2,653/860
0,643/5600,809/4200,293/840,1/2,3/4
0,101/896,23/112,3/8,1/2,3/4
0,1669/15200,777/3800,1449/3800,1/2,3/4
0,369/3200,451/2400,1633/4800,1/2,13747/19200
0,897/7840,1133/5880,2057/5880,1/2,2057/2940
0,3541/31200,39/200,53/150,1/2,1213/1950
0,23/140,1/4,16/35,1/2,19/35
0,25/168,1/4,151/336,1/2,67/112
0,13/80,1/4,73/160,1/2,93/160
0,15/91,1/4,83/182,1/2,985/1456
0,1/6,1/4,11/24,1/2,5/8
0,51/308,1/4,141/308,1/2,347/616
0,11/72,1/4,13/30,1/2,527/720
0,9/56,1/4,101/224,1/2,325/448
0,55/336,1/4,51/112,1/2,69/112
0,23/140,1/4,16/35,1/2,3/4
0,23/140,1/4,16/35,1/2,7/8
0,13/80,1/4,73/160,1/2,3/4
0,23/140,1/4,16/35,1/2,5/8
0,43/280,1/4,61/140,1/2,131/140
0,13/80,1/4,73/160,1/2,73/80
0,23/140,1/4,16/35,1/2,99/140
0,11/64,1/4,91/192,1/2,163/192
0,58/351,95/351,73/156,1/2,127/234
0,547/3552,971/3552,549/1184,1/2,717/1184
0,32/195,211/780,243/520,1/2,227/390
0,313/1890,256/945,589/1260,1/2,10357/15120
0,1/6,27/100,281/600,1/2,127/200
0,251/1512,409/1512,59/126,1/2,859/1512
0,5/32,77/288,43/96,1/2,53/72
0,49/300,163/600,93/200,1/2,293/400
0,49/297,161/594,185/396,1/2,109/176
0,58/351,95/351,73/156,1/2,3/4
0,259/1566,425/1566,163/348,1/2,76/87
0,79/480,131/480,15/32,1/2,3/4
0,259/1566,425/1566,163/348,1/2,109/174
0,803/4900,323/1225,909/1960,1/2,5443/9800
0,1158/7105,7703/28420,5309/11368,1/2,7703/14210
0,5893/35910,20569/71820,1517/3192,1/2,38933/71820
0,163/1050,2861/10500,3247/7000,1/2,12599/21000
0,3749/23100,6931/23100,741/1540,1/2,6931/11550
0,823/5040,221/720,163/336,1/2,1003/1680
0,1037/6370,3441/12740,2377/5096,1/2,7407/12740
0,107/665,193/665,253/532,1/2,386/665
0,853/5250,158/525,843/1750,1/2,6103/10500
0,199/1200,157/600,371/800,1/2,2773/4800
0,32/195,211/780,243/520,1/2,211/390
0,95/576,163/576,91/192,1/2,307/576
0,49/297,161/594,185/396,1/2,1013/1584
0,58/351,95/351,73/156,1/2,541/702
0,259/1566,425/1566,163/348,1/2,1013/1566
0,383/2448,163/612,61/136,1/2,129/136
0,32/195,211/780,243/520,1/2,243/260
0,58/351,95/351,73/156,1/2,28/39
0,821/4800,659/2400,771/1600,1/2,171/200
0,11/105,907/5040,1607/5040,769/1680,3541/6720
0,163/1680,281/1680,83/280,143/336,1/2
0,1327/15680,3431/23520,12161/47040,291/784,171/392
0,4373/44220,668/3685,4681/14740,669/1474,100709/176880
0,183/1880,3313/19740,11743/39480,281/658,2063/3760
0,1181/12220,3043/18330,10783/36660,258/611,23761/48880
0,1487/14160,1913/10620,13531/42480,27/59,11797/18880
0,247/2520,631/3780,83/280,23/54,4411/7560
0,2543/26260,6529/39390,23149/78780,554/1313,79219/157560
0,193/1840,373/2070,1759/5520,379/828,15329/22080
0,899/9240,779/4620,83/280,197/462,363/560
0,2839/29380,7327/44070,25897/88140,620/1469,188857/352560
0,1181/12220,3043/18330,10783/36660,258/611,869/1222
0,3043/31460,7829/47190,27749/94380,664/1573,413/484
0,1011/10360,2603/15540,1319/4440,221/518,739/1036
0,3043/31460,7829/47190,27749/94380,664/1573,3579/6292
0,7351/92400,41721/308000,331543/1386000,1922191/5544000,9022/17325
0,181081/2083620,205563/1389080,544519/2083620,1052309/2778160,544519/1041810
0,426149/4220370,970169/5627160,643541/2110185,14844769/33762960,1183873/2250864
0,65/924,223/1848,197/924,163/528,1/2
0,95/1152,163/1152,1/4,139/384,1/2
0,1429/14520,2449/14520,4333/14520,4163/9680,1/2
0,395/6432,1355/12864,399/2144,2311/8576,117/268
0,11/156,1321/10920,389/1820,2253/7280,389/910
0,1601/17760,8231/53280,14563/53280,8395/21312,305/666
0,22244/276969,40660/276969,353911/1384845,511171/1384845,1543849/2769690
0,10937/123585,19993/123585,348053/1235850,502703/1235850,348053/617925
0,1883489/19043640,428206/2380455,6035467/19043640,1073843/2380455,4810759/8463840
0,38044/493185,64868/493185,114616/493185,166072/493185,531229/986370
0,18493/204435,31541/204435,55732/204435,80749/204435,111464/204435
0,315979/3069528,90007/511588,1592457/5115880,1722089/3836910,3385507/6139056
0,38573/572880,65761/572880,7262/35805,168359/572880,16834/35805
0,2501/32340,853/6468,628/2695,10919/32340,1256/2695
0,23687/235620,397/2310,71671/235620,25796/58905,94823/188496
0,26134/274365,90841/548730,26239/91455,457823/1097460,225809/365820
0,5743/55440,2459/13860,5773/18480,12403/27720,5773/9240
0,2327/21420,671/3570,2383/7140,10007/21420,53699/85680
0,1144/13965,656/4655,3467/13965,5023/13965,5311/9310
0,37/385,191/1155,673/2310,65/154,673/1155
0,28893/271600,72809/407400,52447/162960,7754/16975,480209/814800
0,1161/16240,1997/16240,1759/8120,5097/16240,4043/8120
0,23/280,277/1960,61/245,101/280,122/245
0,551/5376,1399/8064,25033/80640,35681/80640,21071/40320
0,465127/4514400,201197/1128600,119351/376200,255811/564300,130681/188100
0,107543/982080,47749/245520,28727/81840,58919/122760,28727/40920
0,382673/3500640,10301/51480,26339/72930,212189/437580,82219/116688
0,5381/56880,9487/56880,5411/18960,9469/22752,24371/37920
0,113/1026,389/2052,1/3,1939/4104,2/3
0,26563/239040,23893/119520,27799/79680,11483/23904,107479/159360
0,77/900,23/150,58/225,689/1800,1031/1800
0,2321/24480,4087/24480,73/255,2039/4896,146/255
0,1969/18900,5/27,2027/6300,8627/18900,14159/25200
0,1181/12220,3043/18330,10783/36660,258/611,29113/36660
0,183/1880,3313/19740,11743/39480,281/658,11743/19740
0,2339/22320,2009/11160,791/2480,511/1116,12229/22320
0,46841/478720,60851/359040,3467/11220,12983/29920,4991/5984
0,7867/73920,3701/18480,6977/18480,227/462,6977/9240
0,125949/1195040,59867/298760,113959/298760,7361/14938,4024/5335
0,177173/1789920,227617/1342440,417713/1342440,1633/3729,2681/3729
0,2543/23584,5901/29480,10977/29480,3607/7370,10977/14740
0,32569/306240,46021/229680,28939/76560,1411/2871,2141/2871
0,154987/1624480,192743/1218360,352387/1218360,4249/10153,98159/152295
0,4693/47520,4033/23760,7417/23760,4165/9504,7417/11880
0,223049/2138400,96757/534600,44149/133650,6191/13365,78541/133650
0,27107075/501158592,7745959/83526432,411739619/2505792960,147775117/626448240,40242583/78306030
0,26833045/454319184,7668017/75719864,407597941/2271595920,146288843/567898980,146288843/283949490
0,666584819/7680047760,570886189/3840023880,2022663047/7680047760,103698347/274287420,4009832623/7680047760
0,183/3760,3313/39480,11743/78960,281/1316,1/2
0,629/11040,1627/16560,5767/33120,1/4,1/2
0,5161/60720,1477/10120,15701/60720,49/132,1/2
0,517/12160,1337/18240,4739/36480,567/3040,83/190
0,2539/52080,2189/26040,7759/52080,557/2604,557/1302
0,10391/133440,8921/66720,10537/44480,2269/6672,191/417
0,893702/16656255,1640344/16656255,2870146/16656255,4099948/16656255,17932807/33312510
0,23711318/401264325,43522411/401264325,76152919/401264325,108783427/401264325,217566854/401264325
0,938069417/11162719260,429688321/2790679815,3008243239/11162719260,2148866597/5581359630,4996315993/8930175408
0,332324/6417345,3997036/44921415,2361428/14973805,1453076/6417345,6749669/12834690
0,42261/697015,653633/6273135,1158502/6273135,184819/697015,369638/697015
0,99652441/1135797960,85489271/567898980,302945749/1135797960,108728239/283949490,1235450401/2271595920
0,156557/3461040,89659/1153680,59591/432630,684479/3461040,19876/43263
0,209471/4037880,51421/576840,26582/168245,915989/4037880,915989/2018940
0,50347703/554054820,14381981/92342470,152875831/554054820,54864944/138513705,1104411427/2216219280
0,205507063/3381618240,176857507/1690809120,22371101/120772080,39044809/147026880,969356147/1690809120
0,474067093/7143055920,407997817/3571527960,361261457/1785763980,2071708637/7143055920,2071708637/3571527960
0,10585859/116953200,99829669/643242600,22089266/80405325,507194717/1286485200,782195563/1286485200
0,4450/82467,38452/412335,68038/412335,97624/412335,450787/824670
0,10904/172557,18847/172557,33349/172557,47851/172557,95702/172557
0,81113/914760,69479/457380,246181/914760,88351/228690,526859/914760
0,22471/476784,38831/476784,17177/119196,98585/476784,113831/238392
0,1049/19404,37/396,802/4851,4603/19404,4603/9702
0,280507/3063060,240307/1531530,851327/3063060,61102/153153,3176417/6126120
0,2078147/31187520,5358397/46781280,2374187/11695320,3026837/10395840,9739091/15593760
0,1231367/16919760,3175193/25379640,1406863/6344910,5380819/16919760,5380819/8459880
0,29369519/312989040,75538961/469483560,66877073/234741780,127977799/312989040,30139321/44712720
0,21871/371280,899/8840,16739/92820,95959/371280,109559/185640
0,46361/671840,120077/1007760,35489/167960,203449/671840,203449/335920
0,124869/1361360,322451/2042040,569977/2042040,545431/1361360,2612017/4084080
0,574803/11173760,496127/5586880,439887/2793440,2521707/11173760,2879727/5586880
0,562489/9529520,485581/4764760,430541/2382380,2468161/9529520,2468161/4764760
0,309059/3306160,159217/991848,176102/619905,1348023/3306160,5541737/9918480
0,163/1920,281/1920,83/320,143/384,335/384
0,183/1880,3313/19740,11743/39480,281/658,281/329
0,2339/22320,2009/11160,791/2480,511/1116,511/744
0,1477/18408,3805/27612,13483/55224,1613/4602,3763/4602
0,577/6072,7433/45540,26339/91080,137/330,137/165
0,4571/44880,11753/67320,2603/8415,1993/4488,28867/35904
0,1933/29820,4999/44730,17719/89460,424/1491,1915/2982
0,629/8280,1627/12420,5767/24840,1/3,2/3
0,395/4136,3049/18612,10807/37224,431/1034,1465/2068
0,163/2880,281/2880,83/480,143/576,323/576
0,191/2940,247/2205,1751/8820,419/1470,419/735
0,2297/23970,5906/35955,41857/143820,2003/4794,2887/4794
0,71/496,27/124,395/992,27/62,533/992
0,7/55,43/220,157/440,43/110,1/2
0,29/276,89/552,325/1104,89/276,19/46
0,103/812,173/812,311/812,173/406,237/406
0,9/70,83/420,101/280,83/210,79/140
0,8/63,73/378,89/252,73/189,1081/2268
0,31/216,47/216,343/864,47/108,251/384
0,17/130,51/260,187/520,51/130,311/520
0,6/47,163/846,199/564,163/423,185/376
0,115/912,47/228,163/456,47/114,1261/1824
0,19/150,59/300,71/200,59/150,271/400
0,58/459,59/306,215/612,59/153,3913/7344
0,8/63,73/378,89/252,73/189,131/189
0,49/387,149/774,545/1548,149/387,1309/1548
0,7/55,43/220,157/440,43/110,153/220
0,49/387,149/774,545/1548,149/387,835/1548
0,286809/3498880,111037/874720,599827/2624160,111037/437360,342071/656040
0,93257/991760,108343/743820,195091/743820,108343/371910,195091/371910
0,446997/3443440,510253/2582580,464263/1291290,510253/1291290,105979/198660
0,319/4560,25/228,15/76,25/114,1/2
0,17/192,5/36,1/4,5/18,1/2
0,295/2352,113/588,137/392,113/294,1/2
0,217/3744,85/936,17/104,85/468,97/234
0,125/1776,49/444,147/740,49/222,147/370
0,799/7296,51/304,371/1216,51/152,199/456
0,7586/95403,12994/95403,229241/954030,25988/95403,528937/954030
0,1228/13167,2104/13167,8249/29260,4208/13167,8249/14630
0,139589/1148532,235387/1148532,2100589/5742660,235387/574266,834887/1435665
0,446/5775,694/5775,50/231,1388/5775,6221/11550
0,113/1155,16/105,317/1155,32/105,634/1155
0,155767/1180410,476713/2360820,1733497/4721640,476713/1180410,1336177/2360820
0,197/3080,8273/83160,4967/27720,8273/41580,37117/83160
0,15263/196350,23761/196350,42797/196350,23761/98175,42797/98175
0,77524/597135,235681/1194270,859459/2388540,235681/597135,1181843/2388540
0,977/10080,761/5040,19/70,761/2520,2041/3360
0,28459/255780,11087/63945,4429/14210,22174/63945,4429/7105
0,4997/36036,1906/9009,7691/20020,3812/9009,52057/80080
0,156/1925,736/5775,881/3850,1472/5775,6511/11550
0,223/2170,351/2170,2521/8680,351/1085,2521/4340
0,145/1078,201/980,8039/21560,201/490,1181/1960
0,479/7140,251/2380,338/1785,251/1190,1667/3570
0,457/5600,719/5600,1291/5600,719/2800,1291/2800
0,1923/14630,2921/14630,242/665,2921/7315,30237/58520
0,1583/15984,1325/7992,503/1776,1325/3996,581/888
0,1513/12600,181/900,481/1400,181/450,481/700
0,187/1344,2/9,263/672,4/9,5681/8064
0,97/1044,38/261,38/145,76/261,183/290
0,17/144,5/27,1/3,10/27,2/3
0,1957/13860,431/1980,1213/3080,431/990,4293/6160
0,83/1080,13/108,13/60,13/54,47/90
0,59/630,37/252,37/140,37/126,37/70
0,1021/7524,1559/7524,315/836,1559/3762,1921/3344
0,13/120,37/210,43/140,37/105,113/140
0,9/70,83/420,101/280,83/210,101/140
0,47/328,143/656,523/1312,143/328,809/1312
0,391/3528,226/1323,1637/5292,452/1323,4351/5292
0,67/456,295/1368,1111/2736,295/684,1111/1368
0,253/1600,541/2400,2077/4800,541/1200,1909/2400
0,27/280,16/105,229/840,32/105,137/210
0,51/416,121/624,433/1248,121/312,433/624
0,67/456,295/1368,1111/2736,295/684,979/1368
0,37/464,263/2088,941/4176,263/1044,1127/2088
0,7/72,83/540,11/40,83/270,11/20
0,327/2360,727/3540,2707/7080,727/1770,4043/7080
0,19979/265440,60461/530880,221341/1061760,60461/265440,34483/66360
0,2791/32340,1207/9240,30929/129360,1207/4620,1207/2310
0,94117/748020,283903/1496040,1039943/2992080,283903/748020,398231/748020
0,9/140,83/840,101/560,83/420,1/2
0,13/160,1/8,73/320,1/4,1/2
0,17/140,31/168,27/80,31/84,1/2
0,55/1032,169/2064,617/4128,169/1032,107/258
0,53/820,163/1640,119/656,163/820,163/410
0,207/1952,629/3904,2301/7808,629/1952,213/488
0,3473/49245,5836/49245,20981/98490,11672/49245,53933/98490
0,677/8190,569/4095,4091/16380,1138/4095,2276/4095
0,64871/559020,108517/559020,195211/559020,108517/279510,80692/139755
0,482/6825,734/6825,1342/6825,1468/6825,7307/13650
0,347/3885,529/3885,967/3885,1058/3885,2116/3885
0,2063/16170,6257/32340,3271/9240,6257/16170,18233/32340
0,59/1008,449/5040,821/5040,449/2520,2237/5040
0,1417/19950,2159/19950,3947/19950,2159/9975,4318/9975
0,1028/8085,3107/16170,11377/32340,3107/8085,1451/2940
0,4337/49504,9865/74256,1130/4641,9865/37128,88475/148512
0,2817/28028,3205/21021,11747/42042,6410/21021,12820/21021
0,37181/279188,42050/209391,308005/837564,84100/209391,2154755/3350256
0,19/259,146/1295,533/2590,292/1295,1441/2590
0,13/140,1/7,73/280,2/7,4/7
0,747/5782,2255/11564,8259/23128,2255/5782,13819/23128
0,97/1596,149/1596,68/399,149/798,184/399
0,31/420,143/1260,29/140,143/630,143/315
0,79/616,149/770,2183/6160,149/385,633/1232
0,146/1755,947/7020,1103/4680,947/3510,4399/7020
0,844/8385,913/5590,9569/33540,913/2795,1826/2795
0,28325/221832,1271/6162,9980/27729,1271/3081,34159/49296
0,239/2860,274/2145,502/2145,548/2145,2647/4290
0,683/6448,196/1209,359/1209,392/1209,784/1209
0,2901/21476,13259/64428,48383/128856,13259/32214,177239/257712
0,367/5304,841/7956,1541/7956,841/3978,2033/3978
0,35/416,803/6240,1471/6240,803/3120,803/1560
0,151/1144,6863/34320,1255/3432,6863/17160,3907/6864
0,7/66,43/264,157/528,43/132,109/132
0,9/70,83/420,101/280,83/210,83/105
0,47/328,143/656,523/1312,143/328,429/656
0,301/2862,305/1908,3347/11448,305/954,773/954
0,143/1050,29/140,1591/4200,29/70,29/35
0,307/2100,31/140,851/2100,31/70,45/56
0,41/480,21/160,23/96,21/80,101/160
0,13/120,1/6,73/240,1/3,2/3
0,143/1050,29/140,1591/4200,29/70,99/140
0,7/99,43/396,157/792,43/198,23/44
0,8/93,41/310,449/1860,41/155,82/155
0,311/2343,157/781,862/2343,314/781,1813/3124
0,89/600,583/2400,21/50,359/800,323/600
0,17/126,2/9,43/112,23/56,1/2
0,10/87,461/2436,531/1624,71/203,173/406
0,70/513,497/2052,281/684,101/228,203/342
0,11/81,145/648,167/432,67/162,46/81
0,40/297,131/594,151/396,11/27,871/1782
0,107/720,35/144,151/360,323/720,959/1440
0,79/576,2/9,37/96,79/192,11/18
0,263/1947,857/3894,989/2596,24/59,721/1416
0,559/4200,239/1050,267/700,149/350,1963/2800
0,17/126,113/504,43/112,26/63,155/224
0,34/253,335/1518,35/92,103/253,6691/12144
0,40/297,131/594,151/396,11/27,19/27
0,271/2013,889/4026,93/244,273/671,1141/1342
0,83/612,275/1224,105/272,7/17,12/17
0,271/2013,889/4026,93/244,273/671,747/1342
0,2449/16744,10201/41860,34941/83720,7447/16744,22929/41860
0,28703/183960,4141/15330,8297/18396,17509/36792,4141/7665
0,19009/120120,653/2310,1845/4004,3849/8008,32471/60060
0,91/720,37/180,43/120,277/720,1/2
0,43/280,1/4,61/140,131/280,1/2
0,383/2448,163/612,61/136,129/272,1/2
0,187/1736,38/217,265/868,569/1736,185/434
0,59/464,6/29,251/696,539/1392,12/29
0,157/1176,167/735,75/196,793/1960,209/490
0,77461/549360,137639/549360,15433/36624,8263/18312,161789/274680
0,1133/7140,6371/21420,673/1428,521/1071,6371/10710
0,353/2205,1339/4410,10/21,431/882,5231/8820
0,7783/54810,26449/109620,5977/14616,794/1827,62593/109620
0,247/1575,911/3150,244/525,1523/3150,911/1575
0,3803/23940,793/2660,251/532,1165/2394,27743/47880
0,1679/12285,212/945,1273/3276,2045/4914,8341/16380
0,2957/20790,373/1540,757/1848,904/2079,373/770
0,97/660,1201/4620,263/616,59/132,2287/4620
0,419/3180,661/3180,781/2120,421/1060,6497/12720
0,11/81,145/648,167/432,67/162,145/324
0,65/462,223/924,249/616,197/462,5/11
0,34/253,335/1518,35/92,103/253,2297/4048
0,40/297,131/594,151/396,11/27,214/297
0,271/2013,889/4026,93/244,273/671,1154/2013
0,721439/8685600,297937/2171400,127741/542850,184473/723800,141601/271425
0,353831/3825360,146143/956340,62659/239085,90487/318780,125318/239085
0,690049/5340720,282407/1335180,487009/1335180,174213/445060,71191/133518
0,521/7200,217/1800,31/150,403/1800,1/2
0,7/80,7/48,1/4,13/48,1/2
0,2005/15984,206/999,947/2664,1525/3996,1/2
0,353/5712,7/68,3/17,13/68,305/714
0,1025/14112,61/504,61/294,793/3528,61/147
0,451/4000,139/750,639/2000,343/1000,337/750
0,2773/33264,24859/166320,20869/83160,2858/10395,92947/166320
0,11299/120120,1039/6160,17009/60060,74539/240240,17009/30030
0,13639/109725,64693/292600,491741/1316700,1066663/2633400,772117/1316700
0,6353/79695,42079/318780,18047/79695,78173/318780,43024/79695
0,557/5775,3691/23100,1583/5775,6857/23100,3166/5775
0,10931/83160,71773/332640,15467/41580,132871/332640,94091/166320
0,25864/379995,42818/379995,73456/379995,79546/379995,350419/759990
0,832/10395,1378/10395,788/3465,512/2079,1576/3465
0,43916/331485,287363/1325940,992197/2651880,265733/662970,167488/331485
0,98323/995400,40829/248850,23297/82950,151549/497700,101693/165900
0,1961/17820,5701/31185,3253/10395,3023/8910,6506/10395
0,20719/149940,16999/74970,929/2380,31447/74970,131027/199920
0,509/6020,1277/9030,2183/9030,1579/6020,10307/18060
0,1469/14350,1229/7175,2101/7175,4559/14350,4202/7175
0,18007/134190,59053/268380,67843/178920,6073/14910,327433/536760
0,389/5390,1301/10780,556/2695,2413/10780,5253/10780
0,107/1260,179/1260,17/70,83/315,17/35
0,691/5145,4523/20580,5203/13720,697/1715,6263/11760
0,167/1656,1013/5796,1123/3864,479/1449,181/276
0,563/4752,61/297,541/1584,923/2376,541/792
0,703/5040,74/315,167/420,221/504,2371/3360
0,395/4104,329/2052,47/171,611/2052,109/171
0,7/60,7/36,1/3,13/36,2/3
0,869/6156,1435/6156,1643/4104,2653/6156,5747/8208
0,269/3276,16/117,64/273,16/63,99/182
0,773/7992,161/999,92/333,299/999,184/333
0,7199/51912,5909/25956,6787/17304,5461/12978,40763/69216
0,67/576,19/96,1/3,107/288,5/6
0,11/81,145/648,167/432,67/162,167/216
0,118/795,773/3180,891/2120,119/265,1367/2120
0,23/198,607/3168,29/88,125/352,145/176
0,2213/15264,3559/15264,1387/3392,181/424,1387/1696
0,863/5544,7537/30492,269/616,761/1694,676/847
0,1583/15984,1325/7992,503/1776,137/444,581/888
0,1513/12600,181/900,481/1400,131/350,481/700
0,2471/16992,3985/16992,1549/3776,101/236,337/472
0,809/9576,677/4788,257/1064,5/19,297/532
0,43/432,1/6,41/144,67/216,41/72
0,2839/20124,1148/5031,889/2236,18/43,657/1118
0,15293/196350,66511/523600,690493/3141600,15359/65450,51082/98175
0,4507/51975,58813/415800,203521/831600,27163/103950,27163/51975
0,73537/582505,958407/4660040,9950041/27960240,1327483/3495030,620237/1165010
0,11/162,145/1296,167/864,67/324,1/2
0,16/195,211/1560,243/1040,1/4,1/2
0,43/351,563/2808,649/1872,10/27,1/2
0,67/1155,883/9240,1017/6160,68/385,47/110
0,65/954,857/7632,329/1696,11/53,22/53
0,87/790,1139/6320,3939/12640,263/790,71/158
0,6371/83160,11317/83160,9587/41580,1033/4158,9209/16632
0,4292/49665,121999/794640,103349/397320,44545/158928,44545/79464
0,33371/277200,118271/554400,6266/17325,216011/554400,80863/138600
0,1291/17325,8447/69300,3653/17325,15613/69300,9308/17325
0,2081/23100,4541/30800,5891/23100,25181/92400,25181/46200
0,2221/17325,3628/17325,150617/415800,80429/207900,9773/17325
0,2916/45815,14306/137445,24748/137445,8814/45815,126173/274890
0,1814/24255,424/3465,5134/24255,5486/24255,10972/24255
0,133954/1026795,873797/4107180,3023507/8214360,806947/2053590,172604/342265
0,434977/4750200,178001/1187550,17103/65975,218801/791700,478097/791700
0,255589/2506140,104609/626535,20102/69615,42863/139230,42863/69615
0,1157567/8632260,943847/4316130,72531/191828,38695/95914,7483999/11509680
0,1549/19740,1279/9870,1103/4935,4717/19740,11149/19740
0,299/3150,247/1575,142/525,911/3150,911/1575
0,1231/9450,803/3780,13891/37800,3707/9450,4583/7560
0,197/2940,1301/11760,187/980,2399/11760,1891/3920
0,761/9660,419/3220,542/2415,1159/4830,1159/2415
0,1648/12495,3583/16660,37187/99960,9923/24990,35341/66640
0,431/4914,122/819,823/3276,1373/4914,1555/2457
0,289/2808,491/2808,23/78,307/936,307/468
0,33533/257400,646/2925,2659/7150,17749/42900,119489/171600
0,1747/19656,205/1404,23/91,883/3276,57/91
0,1259/11700,4139/23400,199/650,849/2600,849/1300
0,1151/8424,9443/42120,181/468,3869/9360,649/936
0,10687/140868,4388/35217,844/3913,900/3913,4185/7826
0,10277/115128,2111/14391,406/1599,433/1599,866/1599
0,95255/701064,11123/50076,4271/11128,7981/19474,182241/311584
0,17/147,4/21,129/392,69/196,167/196
0,11/81,145/648,167/432,67/162,67/81
0,118/795,773/3180,891/2120,119/265,357/530
0,188/1683,1231/6732,43/136,379/1122,457/561
0,722/5265,4729/21060,1817/4680,56/135,112/135
0,1669/11349,2729/11349,524/1261,1678/3783,3041/3783
0,100/1107,659/4428,253/984,203/738,941/1476
0,64/585,211/1170,81/260,1/3,2/3
0,791/5751,5191/23004,1991/5112,797/1917,1357/1917
0,34/441,8/63,43/196,23/98,80/147
0,49/540,323/2160,31/120,199/720,199/360
0,1685/12348,2755/12348,529/1372,121/294,349/588
0,4651/28560,4231/14280,4569/9520,4231/7140,35477/57120
0,18677/114345,34393/114345,3680/7623,68786/114345,22757/32670
0,86/525,2837/9450,911/1890,2837/4725,12287/18900
0,5699/34965,10516/34965,125/259,21032/34965,107767/139860
0,11489/70350,21151/70350,2271/4690,21151/35175,6961/9380
0,16033/98280,29567/98280,1055/2184,29567/49140,33121/49140
0,5699/34965,10516/34965,125/259,21032/34965,55997/69930
0,4154/25515,2557/8505,820/1701,5114/8505,5099/5670
0,3749/23100,6931/23100,741/1540,6931/11550,18481/23100
0,4154/25515,2557/8505,820/1701,5114/8505,11941/17010
0,4409/27720,8251/27720,291/616,8251/13860,599/616
0,6329/38850,11671/38850,1251/2590,11671/19425,1251/1295
0,5699/34965,10516/34965,125/259,21032/34965,3913/4995
0,4154/25515,2557/8505,820/1701,5114/8505,45011/51030
0,12487/76300,11619/38150,7391/15260,135193/228900,28471/45780
0,5492/33495,10291/33495,5427/11165,2671/4466,2675/3828
0,23/140,4253/13860,673/1386,5519/9240,18113/27720
0,1324/8085,226/735,262/539,293/490,49859/64680
0,8159/49770,30557/99540,808/1659,13227/22120,2467/3318
0,24221/147840,45439/147840,4793/9856,7369/12320,4141/6160
0,1324/8085,226/735,262/539,293/490,783/980
0,7373/45045,4619/15015,1459/3003,17951/30030,323563/360360
0,7003/42840,13187/42840,1387/2856,2841/4760,7601/9520
0,7373/45045,4619/15015,1459/3003,17951/30030,252209/360360
0,14969/91665,27586/91665,2948/6111,24097/40740,45961/73332
0,361/2205,2711/8820,143/294,1171/1960,2711/4410
0,4909/29890,9321/29890,2921/5978,53371/89670,109297/179340
0,24221/147840,45439/147840,4793/9856,7369/12320,100609/147840
0,1324/8085,226/735,262/539,293/490,1187/1470
0,7373/45045,4619/15015,1459/3003,17951/30030,85073/120120
0,943/5880,1787/5880,187/392,1163/1960,383/392
0,361/2205,2711/8820,143/294,1171/1960,143/147
0,1324/8085,226/735,262/539,293/490,1209/1540
0,7373/45045,4619/15015,1459/3003,17951/30030,106201/120120
0,3141/19355,5624/19355,1846/3871,11248/19355,9509/15484
0,4097/25235,7333/25235,2410/5047,14666/25235,1427/2060
0,137/840,977/3360,641/1344,977/1680,4337/6720
0,1229/7595,2206/7595,725/1519,4412/7595,34823/45570
0,25/154,179/616,739/1540,179/308,2279/3080
0,1707/10535,6121/21070,1007/2107,6121/10535,6988/10535
0,1229/7595,2206/7595,725/1519,4412/7595,12007/15190
0,2731/16905,4909/16905,537/1127,9818/16905,15107/16905
0,107/665,193/665,253/532,386/665,1051/1330
0,2731/16905,4909/16905,537/1127,9818/16905,3872/5635
0,523/3325,962/3325,62/133,1924/3325,257/266
0,351/2170,2521/8680,415/868,2521/4340,415/434
0,1229/7595,2206/7595,725/1519,4412/7595,119/155
0,2731/16905,4909/16905,537/1127,9818/16905,4909/5635
0,15896/97335,29314/97335,3131/6489,113231/194670,8003/12978
0,19604/120015,36121/120015,3863/8001,139619/240030,23879/34290
0,86/525,158/525,1013/2100,611/1050,683/1050
0,6626/40635,12244/40635,436/903,47261/81270,249041/325080
0,11489/70350,21151/70350,2271/4690,81839/140700,6961/9380
0,1696/10395,569/1890,186/385,12091/20790,6898/10395
0,6626/40635,12244/40635,436/903,47261/81270,128531/162540
0,22/135,19/63,152/315,157/270,2251/2520
0,5297/32550,4919/16275,1047/2170,37847/65100,102947/130200
0,22/135,19/63,152/315,157/270,5203/7560
0,3557/21840,3239/10920,699/1456,25397/43680,5429/8736
0,7361/45150,13609/45150,291/602,52511/90300,13609/22575
0,227/1386,4267/13860,562/1155,1613/2772,503/840
0,1696/10395,569/1890,186/385,12091/20790,28019/41580
0,6626/40635,12244/40635,436/903,47261/81270,65123/81270
0,22/135,19/63,152/315,157/270,5281/7560
0,1003/6300,94/315,331/700,7303/12600,681/700
0,7361/45150,13609/45150,291/602,52511/90300,291/301
0,6626/40635,12244/40635,436/903,47261/81270,17963/23220
0,22/135,19/63,152/315,157/270,1325/1512
0,2253521/16063740,856837/4015935,686839/1784860,191546/267729,421607/535458
0,73867/526680,112391/526680,22513/58520,25117/35112,60229/70224
0,2253521/16063740,856837/4015935,686839/1784860,191546/267729,496943/535458
0,1431797/10256400,546229/2564100,438243/1139600,61139/85470,146609/170940
0,345661/2520540,201987/980210,6672637/17643780,1261681/1764378,28494049/35287560
0,16097/110880,35113/166320,25831/66528,23873/33264,25831/33264
0,1542347/9905280,467761/2122560,12072713/29715840,10705699/14857920,22942477/29715840
0,33419/249480,26357/124740,10481/27720,9887/13860,24341/27720
0,19333/138600,59083/277200,5917/15400,13213/18480,5917/7700
0,1625633/11171160,1234781/5585580,494861/1241240,444723/620620,117448/155155
0,1102309/7713090,155819/734580,2981689/7713090,552835/771309,5687005/6170472
0,167/864,1427/6048,2689/6048,4435/6048,2689/3024
0,715/3528,841/3528,1601/3528,53/72,1565/1764
0,16031/110880,877/4158,129023/332640,23873/33264,57137/66528
0,179/990,1613/6930,5993/13860,2528/3465,5993/6930
0,545/2808,4643/19656,8755/19656,14419/19656,34075/39312
0,111233/1321320,42979/330330,77383/330330,169991/330330,84697/160160
0,8333/104720,28377/209440,225503/942480,61337/117810,463923/837760
0,431973/5272960,167229/1318240,903379/3954720,514637/988680,5704933/10545920
0,12303/140140,75819/560560,409589/1681680,1759631/3363360,2000203/3363360
0,4047/49280,1567/12320,1693/7392,1607/3080,13887/24640
0,557313/6686680,225059/1671670,1204369/5015010,2603933/5015010,10904983/20060040
0,265983/3249400,102439/812350,1660187/7311150,1907357/3655575,2233279/3249400
0,4047/49280,1567/12320,1693/7392,1607/3080,9085/14784
0,109751/1250480,63407/468930,114179/468930,40883/78155,430021/750288
0,89443/1093400,103337/820050,558247/2460150,641407/1230075,935741/1230075
0,223021/2725800,257669/2044350,463993/2044350,533293/1022175,598943/681450
0,214227/2611840,82941/652960,448051/1958880,63947/122430,186377/244860
0,223021/2725800,257669/2044350,463993/2044350,533293/1022175,22273/34650
0,402667/4342800,51867/361900,280157/1085700,280157/542850,3079073/5790400
0,54459/626780,185463/1253560,98255/376068,98255/188034,2801501/5014240
0,4047/43120,1567/10780,1693/6468,1693/3234,47167/86240
0,390177/4124120,150291/1031030,811901/3093090,811901/1546545,3724477/6186180
0,417897/4441360,161841/1110340,874271/3331020,874271/1665510,1272181/2220680
0,911/10080,1349/9240,7219/27720,7219/13860,12137/22176
0,155367/1641640,59847/410410,64661/246246,64661/123123,228825/328328
0,417897/4441360,161841/1110340,874271/3331020,874271/1665510,4205291/6662040
0,162867/1721720,125467/860860,677797/2582580,677797/1291290,597965/1033032
0,87097/920920,100643/690690,181231/690690,181231/345345,263288/345345
0,215983/2282280,19199/131670,149813/570570,149813/285285,25737/29260
0,69063/733040,26749/183260,144499/549780,144499/274890,419389/549780
0,215983/2282280,19199/131670,149813/570570,149813/285285,38771/60060
0,823/10560,4/33,12/55,1/2,21979/42240
0,101/1428,115/952,305/1428,1/2,893/1632
0,125/1776,49/444,147/740,1/2,1901/3552
0,707/9024,137/1128,41/188,1/2,2639/4512
0,79/1104,151/1380,91/460,1/2,1531/2760
0,617/7872,119/984,143/656,1/2,4177/7872
0,223/3240,29/270,26/135,1/2,2179/3240
0,421/6000,167/1500,99/500,1/2,599/1000
0,643/8256,251/2064,75/344,1/2,1529/2752
0,283/4104,55/513,11/57,1/2,3/4
0,193/2808,25/234,5/26,1/2,307/351
0,83/1200,13/120,39/200,1/2,3/4
0,193/2808,25/234,5/26,1/2,439/702
0,5/56,5/36,1/4,1/2,1055/2016
0,149/1800,509/3600,1/4,1/2,533/960
0,17/192,5/36,1/4,1/2,209/384
0,347/3864,269/1932,1/4,1/2,577/966
0,191/2112,73/528,1/4,1/2,601/1056
0,151/1680,233/1680,1/4,1/2,899/1680
0,5/56,41/294,1/4,1/2,269/392
0,17/192,9/64,1/4,1/2,5/8
0,5/56,41/294,1/4,1/2,221/392
0,5/56,5/36,1/4,1/2,3/4
0,5/56,5/36,1/4,1/2,7/8
0,17/192,5/36,1/4,1/2,3/4
0,5/56,5/36,1/4,1/2,5/8
0,209/3024,325/3024,65/336,149/336,3133/6048
